Flight Number,Flight Departure Date,Aircraft Registration Number,Departure Airport Code,Arrival Airport Code,Aircraft Payload,Available Payload,Maximum Zero Fuel Weight (Kgs),Actual Zero Fuel Weight (Kgs),Take Off Fuel,Maximum Take Off Weight (Kgs),Actual Take Off Weight (Kgs),Trip Fuel Leg,Maximum Landing Weight (Kgs),Actual Landing Weight (Kgs),First Class Flown Passenger,Business Class Flown Passenger,Economy Class Flown Passenger,Total Male,Total Female,Total Children,Total Infants,Total Passenger Weight (Kgs),Total Compartment Weight (Kgs),Total Baggage Weight Leg (Kgs),Total Cargo Weight Leg (Kgs),Total Mail Weight Leg (Kgs),Total Engg Weight Leg (Kgs),Dry Operating Weight (Kgs),Cockpit Crew Count,Cabin Crew Count,First Class Non Revenue Passenger,Business Class Non Revenue Passenger,Economy Class Non Revenue Passenger,Dom Intl Flag
AI0014,2019-04-15,,AMD,DEL,,,,,,,,,,,0,0,172,119,46,7,1,,,,,,,,,,0,0,0,D
AI0014,2019-04-15,VTEXB,AMD,DEL,16942.0,19364.0,62500.0,59259.0,7350.0,69031.0,66609.0,3031.0,66000.0,63578.0,0,0,0,0,0,0,0,12630.0,4312.0,4312.0,0.0,0.0,0.0,42317.0,2.0,4.0,0,0,0,D
AI0023,2019-04-12,,CCU,DEL,,,,,,,,,,,0,10,140,117,31,2,2,,,,,,,,,,0,1,3,D
AI0023,2019-04-12,VTEXJ,CCU,DEL,13747.0,18080.0,64300.0,58534.0,8850.0,71717.0,67384.0,4317.0,67400.0,63067.0,0,0,0,0,0,0,0,11190.0,2557.0,1750.0,879.0,0.0,0.0,44787.0,2.0,4.0,0,0,0,D
AI0050,2019-04-12,,BOM,HYD,,,,,,,,,,,0,5,149,119,28,7,0,,,,,,,,,,0,0,2,D
AI0050,2019-04-12,VTCIG,BOM,HYD,12568.0,14882.0,64300.0,57403.0,6550.0,66267.0,63953.0,2257.0,67400.0,61696.0,0,0,0,0,0,0,0,11270.0,1298.0,1298.0,0.0,0.0,0.0,44835.0,2.0,4.0,0,0,0,D
AI0055,2019-04-22,,COK,BOM,,,,,,,,,,,0,8,124,85,39,8,1,,,,,,,,,,0,6,10,D
AI0055,2019-04-22,VTEXP,COK,BOM,12278.0,14246.0,64300.0,56932.0,10500.0,69400.0,67432.0,4026.0,67400.0,63406.0,0,0,0,0,0,0,0,9590.0,2688.0,1913.0,775.0,0.0,0.0,44654.0,2.0,4.0,0,0,0,D
AI0091,2019-04-09,,BOM,AMD,,,,,,,,,,,0,8,97,77,22,6,4,,,,,,,,,,0,0,0,D
AI0091,2019-04-09,VTPPJ,BOM,AMD,10011.0,11623.0,71500.0,59290.0,7400.0,68302.0,66690.0,2543.0,75500.0,64147.0,0,0,0,0,0,0,0,7903.0,2108.0,2108.0,0.0,0.0,0.0,49279.0,2.0,5.0,0,0,0,D
AI0091,2019-04-14,,BOM,AMD,,,,,,,,,,,0,10,168,117,52,9,1,,,,,,,,,,0,1,0,D
AI0091,2019-04-14,VTPPH,BOM,AMD,15927.0,20224.0,71500.0,65136.0,8600.0,78033.0,73736.0,2729.0,75500.0,71007.0,0,0,0,0,0,0,0,13000.0,2927.0,2927.0,0.0,0.0,0.0,49209.0,2.0,5.0,0,0,0,D
AI0093,2019-04-27,,MAA,BOM,,,,,,,,,,,0,2,123,87,32,6,1,,,,,,,,,,0,0,6,D
AI0093,2019-04-27,VTEXU,MAA,BOM,12023.0,13334.0,64300.0,56824.0,8100.0,66235.0,64924.0,3534.0,67400.0,61390.0,0,0,2,1,1,0,0,10270.0,1753.0,1843.0,0.0,0.0,0.0,44801.0,2.0,4.0,0,0,2,D
AI0094,2019-04-09,,BOM,MAA,,,,,,,,,,,0,8,115,105,18,0,0,,,,,,,,,,0,0,5,D
AI0094,2019-04-09,VTSCL,BOM,MAA,10308.0,12325.0,57000.0,52161.0,9350.0,63528.0,61511.0,3877.0,61000.0,57634.0,0,0,0,0,0,0,0,9225.0,1083.0,1083.0,0.0,0.0,0.0,41853.0,2.0,4.0,0,0,0,D
AI0094,2019-04-22,,BOM,MAA,,,,,,,,,,,0,12,138,111,32,7,0,,,,,,,,,,0,1,5,D
AI0094,2019-04-22,VTCID,BOM,MAA,14549.0,16924.0,64300.0,59349.0,6850.0,68574.0,66199.0,3552.0,67400.0,62647.0,0,0,0,0,0,0,0,10970.0,3579.0,1761.0,1818.0,0.0,0.0,44800.0,2.0,4.0,0,0,0,D
AI0101,2019-04-03,,BOM,DEL,,,,,,,,,,,0,8,102,90,20,0,0,,,,,,,,,,0,0,9,D
AI0101,2019-04-03,VTPPB,BOM,DEL,10654.0,12602.0,71500.0,59956.0,9600.0,71504.0,69556.0,4844.0,75500.0,64712.0,0,0,0,0,0,0,0,9009.0,1421.0,1365.0,280.0,0.0,0.0,49302.0,2.0,5.0,0,0,0,D
AI0102,2019-04-15,,JFK,DEL,,,,,,,,,,,2,27,193,172,37,13,2,,,,,,,,,,0,0,3,I
AI0102,2019-04-15,VTALK,JFK,DEL,34923.0,43203.0,237682.0,210454.0,132800.0,351534.0,343254.0,119100.0,251290.0,224154.0,0,0,2,1,1,0,0,16787.0,18136.0,7112.0,10068.0,0.0,0.0,175531.0,4.0,15.0,0,0,0,I
AI0102,2019-04-16,,JFK,DEL,,,,,,,,,,,0,24,158,145,31,6,3,,,,,,,,,,0,1,2,I
AI0102,2019-04-16,VTALM,JFK,DEL,32647.0,41227.0,237682.0,208054.0,134900.0,351534.0,342954.0,119700.0,251290.0,223254.0,0,0,0,0,0,0,0,13822.0,18825.0,5625.0,12360.0,0.0,0.0,175407.0,4.0,15.0,0,0,0,I
AI0102,2019-04-17,,JFK,DEL,,,,,,,,,,,1,19,209,200,23,6,0,,,,,,,,,,0,4,1,I
AI0102,2019-04-17,VTALX,JFK,DEL,30197.0,44684.0,237682.0,204547.0,132500.0,351534.0,337047.0,120100.0,251290.0,216947.0,0,0,3,2,1,0,0,17642.0,12555.0,7083.0,4496.0,0.0,0.0,174350.0,4.0,15.0,0,0,1,I
AI0102,2019-04-24,,JFK,DEL,,,,,,,,,,,0,9,96,79,19,7,0,,,,,,,,,,0,1,2,I
AI0102,2019-04-24,VTALQ,JFK,DEL,24890.0,44609.0,237682.0,200415.0,131400.0,351534.0,331815.0,119500.0,251290.0,212315.0,0,0,0,0,0,0,0,7826.0,17064.0,3378.0,13374.0,0.0,0.0,175525.0,4.0,15.0,0,0,0,I
AI0104,2019-04-12,,IAD,DEL,,,,,,,,,,,2,29,199,168,36,26,6,,,,,,,,,,0,0,5,I
AI0104,2019-04-12,VTALN,IAD,DEL,28171.0,36098.0,237682.0,203607.0,140000.0,351534.0,343607.0,126700.0,251290.0,216907.0,0,0,0,0,0,0,0,16808.0,11363.0,6584.0,3765.0,0.0,0.0,175436.0,4.0,15.0,0,0,0,I
AI0112,2019-04-15,,LHR,DEL,,,,,,,,,,,0,18,223,165,69,7,1,,,,,,,,,,0,0,1,I
AI0112,2019-04-15,VTANT,LHR,DEL,30022.0,41189.0,161025.0,149858.0,51200.0,215973.0,201058.0,43700.0,172365.0,157358.0,0,0,0,0,0,0,0,18308.0,11714.0,6946.0,3557.0,0.0,0.0,119836.0,3.0,8.0,0,0,0,I
AI0112,2019-04-16,,LHR,DEL,,,,,,,,,,,0,15,201,148,62,6,4,,,,,,,,,,0,0,0,I
AI0112,2019-04-16,VTANQ,LHR,DEL,35794.0,41205.0,161025.0,155614.0,54200.0,218462.0,209814.0,46100.0,172365.0,163714.0,0,0,0,0,0,0,0,16450.0,19344.0,6122.0,12479.0,0.0,0.0,119820.0,3.0,8.0,0,0,0,I
AI0112,2019-04-17,,LHR,DEL,,,,,,,,,,,0,17,241,155,93,10,4,,,,,,,,,,0,0,4,I
AI0112,2019-04-17,VTANQ,LHR,DEL,39791.0,41205.0,161025.0,159611.0,56300.0,220308.0,215911.0,48000.0,172365.0,167911.0,0,0,0,0,0,0,0,19536.0,20255.0,7407.0,11210.0,486.0,0.0,119820.0,3.0,8.0,0,0,0,I
AI0114,2019-04-15,,BHX,DEL,,,,,,,,,,,0,4,156,87,50,23,4,,,,,,,,,,0,0,0,I
AI0114,2019-04-15,VTNAC,BHX,DEL,27212.0,41180.0,161025.0,147057.0,51500.0,216215.0,198557.0,43900.0,172365.0,154657.0,0,0,0,0,0,0,0,16552.0,5965.0,7326.0,1960.0,0.0,0.0,119845.0,3.0,8.0,0,0,0,I
AI0114,2019-04-17,,BHX,DEL,,,,,,,,,,,0,14,109,77,37,9,3,,,,,,,,,,0,0,0,I
AI0114,2019-04-17,VTANN,BHX,DEL,26454.0,40179.0,161025.0,147300.0,52500.0,216961.0,199800.0,44600.0,172365.0,155200.0,0,0,0,0,0,0,0,15461.0,7179.0,6614.0,2881.0,0.0,0.0,120846.0,4.0,8.0,0,0,0,I
AI0114,2019-04-22,,BHX,DEL,,,,,,,,,,,0,1,68,40,27,2,2,,,,,,,,,,0,0,0,I
AI0114,2019-04-22,VTANR,BHX,DEL,23221.0,41346.0,161025.0,142900.0,50000.0,216328.0,192900.0,43800.0,172365.0,149100.0,0,0,0,0,0,0,0,12841.0,6696.0,6289.0,3488.0,0.0,0.0,119679.0,2.0,8.0,0,0,0,I
AI0122,2019-04-12,,FCO,DEL,,,,,,,,,,,0,11,217,177,43,8,2,,,,,,,,,,0,0,0,I
AI0122,2019-04-12,VTANO,FCO,DEL,34297.0,40315.0,161025.0,155007.0,48500.0,213180.0,203507.0,40900.0,172365.0,162607.0,0,0,0,0,0,0,0,17280.0,17017.0,5046.0,11347.0,0.0,0.0,120710.0,2.0,8.0,0,0,0,I
AI0126,2019-04-15,,ORD,DEL,,,,,,,,,,,0,18,142,104,48,8,5,,,,,,,,,,0,0,5,I
AI0126,2019-04-15,VTALR,ORD,DEL,26208.0,39077.0,237682.0,201665.0,137000.0,351534.0,338665.0,124200.0,251290.0,214465.0,0,0,1,0,1,0,0,12151.0,14057.0,5039.0,8426.0,0.0,0.0,175457.0,4.0,15.0,0,0,0,I
AI0138,2019-04-15,,MXP,DEL,,,,,,,,,,,0,18,219,177,57,3,2,,,,,,,,,,0,0,0,I
AI0138,2019-04-15,VTANQ,MXP,DEL,38580.0,41313.0,161025.0,158292.0,48800.0,227930.0,207092.0,40200.0,172365.0,166892.0,0,0,1,1,0,0,0,18235.0,20345.0,6049.0,13594.0,0.0,0.0,119712.0,2.0,8.0,0,0,0,I
AI0138,2019-04-25,,MXP,DEL,,,,,,,,,,,0,13,215,172,48,8,3,,,,,,,,,,0,0,0,I
AI0138,2019-04-25,VTAND,MXP,DEL,33685.0,38822.0,161025.0,155888.0,48100.0,212798.0,203988.0,40500.0,172365.0,163488.0,0,0,0,0,0,0,0,17290.0,16395.0,5074.0,10541.0,0.0,0.0,122203.0,2.0,8.0,0,0,0,I
AI0142,2019-04-15,,CDG,DEL,,,,,,,,,,,0,7,194,143,50,8,2,,,,,,,,,,0,0,0,I
AI0142,2019-04-15,VTANW,CDG,DEL,26022.0,41423.0,161025.0,145624.0,48300.0,212965.0,193924.0,40600.0,172365.0,153324.0,0,0,0,0,0,0,0,18120.0,6615.0,5902.0,1298.0,0.0,0.0,119602.0,3.0,8.0,0,0,0,I
AI0142,2019-04-16,,CDG,DEL,,,,,,,,,,,0,10,197,128,73,6,2,,,,,,,,,,0,0,0,I
AI0142,2019-04-16,VTANS,CDG,DEL,25942.0,41124.0,161025.0,145843.0,48300.0,213654.0,194143.0,41300.0,172365.0,152843.0,0,0,0,0,0,0,0,17240.0,8096.0,4460.0,3540.0,0.0,0.0,119901.0,3.0,8.0,0,0,0,I
AI0142,2019-04-17,,CDG,DEL,,,,,,,,,,,0,3,187,144,37,9,3,,,,,,,,,,0,0,0,I
AI0142,2019-04-17,VTANS,CDG,DEL,30384.0,40885.0,161025.0,150524.0,50700.0,215964.0,201224.0,43600.0,172365.0,157624.0,0,0,0,0,0,0,0,16138.0,13468.0,4824.0,8798.0,0.0,0.0,120140.0,4.0,9.0,0,0,0,I
AI0142,2019-04-25,,CDG,DEL,,,,,,,,,,,0,18,129,102,41,4,0,,,,,,,,,,0,0,0,I
AI0142,2019-04-25,VTANH,CDG,DEL,19365.0,39956.0,161025.0,140434.0,49025.0,213667.0,189459.0,41300.0,172365.0,148159.0,0,0,1,1,0,0,0,12945.0,5605.0,3956.0,1996.0,0.0,0.0,121069.0,2.0,8.0,0,0,1,I
AI0144,2019-04-11,,EWR,BOM,,,,,,,,,,,0,22,237,213,34,12,7,,,,,,,,,,0,3,11,I
AI0144,2019-04-11,VTALQ,EWR,BOM,35610.0,43209.0,237682.0,211135.0,132800.0,351534.0,343935.0,119600.0,251290.0,224335.0,0,0,0,0,0,0,0,22766.0,11583.0,8941.0,2733.0,0.0,0.0,175525.0,4.0,15.0,0,0,0,I
AI0154,2019-04-17,,VIE,DEL,,,,,,,,,,,0,14,182,136,55,5,3,,,,,,,,,,0,3,0,I
AI0154,2019-04-17,VTANX,VIE,DEL,22995.0,41423.0,161025.0,142597.0,43700.0,227930.0,186297.0,35825.0,172365.0,150472.0,0,0,0,0,0,0,0,14937.0,8058.0,4464.0,3130.0,0.0,0.0,119602.0,2.0,8.0,0,0,0,I
AI0158,2019-04-04,,CPH,DEL,,,,,,,,,,,0,0,3,0,0,0,0,,,,,,,,,,0,0,0,I
AI0158,2019-04-04,VTANL,CPH,DEL,28502.0,40259.0,161025.0,149268.0,50600.0,215173.0,199868.0,42900.0,172365.0,156968.0,0,0,0,0,0,0,0,15644.0,12858.0,,7817.0,0.0,0.0,120766.0,3.0,8.0,0,0,0,I
AI0158,2019-04-05,,CPH,DEL,,,,,,,,,,,0,1,2,0,0,0,0,,,,,,,,,,0,0,0,I
AI0158,2019-04-05,VTANL,CPH,DEL,27392.0,40259.0,161025.0,148158.0,52500.0,215163.0,200658.0,42800.0,172365.0,157858.0,0,0,0,0,0,0,0,16728.0,10664.0,,5585.0,0.0,0.0,120766.0,3.0,8.0,0,0,0,I
AI0158,2019-04-09,,CPH,DEL,,,,,,,,,,,0,0,4,0,0,0,0,,,,,,,,,,0,0,0,I
AI0158,2019-04-09,VTANT,CPH,DEL,27800.0,41189.0,161025.0,147636.0,49400.0,214079.0,197036.0,41800.0,172365.0,155236.0,0,0,5,0,0,0,0,16892.0,10908.0,,5478.0,0.0,0.0,119836.0,3.0,8.0,0,0,0,I
AI0158,2019-04-11,,CPH,DEL,,,,,,,,,,,0,0,11,0,0,0,0,,,,,,,,,,0,0,0,I
AI0158,2019-04-11,VTANE,CPH,DEL,25759.0,38918.0,161025.0,147866.0,50100.0,214706.0,197966.0,42400.0,172365.0,155566.0,0,0,4,0,0,0,0,15002.0,10757.0,,6818.0,0.0,0.0,122107.0,2.0,8.0,0,0,0,I
AI0158,2019-04-12,,CPH,DEL,,,,,,,,,,,0,0,4,0,0,0,0,,,,,,,,,,0,0,0,I
AI0158,2019-04-12,VTANQ,CPH,DEL,26971.0,41313.0,161025.0,146683.0,49400.0,214070.0,196083.0,41800.0,172365.0,154283.0,0,0,9,0,0,0,0,17466.0,9505.0,,4655.0,0.0,0.0,119712.0,2.0,8.0,0,0,0,I
AI0158,2019-04-13,,CPH,DEL,,,,,,,,,,,0,1,5,0,0,0,0,,,,,,,,,,0,0,0,I
AI0158,2019-04-13,VTANL,CPH,DEL,29086.0,40367.0,161025.0,149744.0,49700.0,214867.0,199444.0,42502.0,172365.0,156942.0,0,0,3,0,0,0,0,17775.0,11311.0,,6428.0,0.0,0.0,120658.0,2.0,8.0,0,0,0,I
AI0158,2019-04-16,,CPH,DEL,,,,,,,,,,,0,0,13,0,0,0,0,,,,,,,,,,0,0,1,I
AI0158,2019-04-16,VTANX,CPH,DEL,25551.0,41423.0,161025.0,145153.0,47100.0,212402.0,192253.0,40037.0,172365.0,152216.0,0,0,5,0,0,0,0,17368.0,8183.0,,833.0,0.0,1220.0,119602.0,2.0,8.0,0,0,0,I
AI0158,2019-04-19,,CPH,DEL,,,,,,,,,,,0,3,127,0,0,0,0,,,,,,,,,,0,0,6,I
AI0158,2019-04-19,VTAND,CPH,DEL,17450.0,38822.0,161025.0,139653.0,46500.0,211543.0,186153.0,39200.0,172365.0,146953.0,0,0,3,0,0,0,0,9273.0,8177.0,,5108.0,0.0,0.0,122203.0,2.0,8.0,0,0,0,I
AI0158,2019-04-20,,CPH,DEL,,,,,,,,,,,0,5,139,0,0,0,0,,,,,,,,,,0,0,1,I
AI0158,2019-04-20,VTANH,CPH,DEL,16898.0,39956.0,161025.0,137967.0,45600.0,211155.0,183567.0,38790.0,172365.0,144777.0,0,2,0,0,0,0,0,10344.0,6554.0,,1121.0,0.0,1220.0,121069.0,2.0,8.0,0,0,0,I
AI0158,2019-04-23,,CPH,DEL,,,,,,,,,,,0,4,96,0,0,0,0,,,,,,,,,,0,2,4,I
AI0158,2019-04-23,VTANK,CPH,DEL,9862.0,40527.0,161025.0,130360.0,43900.0,209631.0,174260.0,37300.0,172365.0,136960.0,0,0,0,0,0,0,0,7344.0,2518.0,,78.0,0.0,0.0,120498.0,2.0,8.0,0,0,0,I
AI0158,2019-04-25,,CPH,DEL,,,,,,,,,,,0,5,76,0,0,0,0,,,,,,,,,,0,1,2,I
AI0158,2019-04-25,VTANK,CPH,DEL,12363.0,40527.0,161025.0,132861.0,45100.0,210633.0,177961.0,38268.0,172365.0,139693.0,0,0,0,0,0,0,0,5881.0,6482.0,,3478.0,0.0,845.0,120498.0,2.0,8.0,0,0,0,I
AI0158,2019-04-26,,CPH,DEL,,,,,,,,,,,0,3,65,0,0,0,0,,,,,,,,,,0,0,1,I
AI0158,2019-04-26,VTANX,CPH,DEL,9329.0,41423.0,161025.0,128931.0,45000.0,210682.0,173931.0,38400.0,172365.0,135531.0,0,0,1,0,0,0,0,5085.0,4244.0,,2178.0,0.0,0.0,119602.0,2.0,8.0,0,0,0,I
AI0158,2019-04-27,,CPH,DEL,,,,,,,,,,,0,0,1,0,0,0,0,,,,,,,,,,0,0,1,I
AI0158,2019-04-27,VTANX,CPH,DEL,16878.0,41423.0,161025.0,136480.0,45800.0,211538.0,182280.0,38993.0,172365.0,143287.0,0,0,1,0,0,0,0,8623.0,8255.0,,5368.0,0.0,0.0,119602.0,2.0,8.0,0,0,0,I
AI0168,2019-04-03,,ARN,DEL,,,,,,,,,,,0,0,3,0,0,0,0,,,,,,,,,,0,0,0,I
AI0168,2019-04-03,VTANQ,ARN,DEL,25432.0,41313.0,161025.0,145144.0,48200.0,213020.0,193344.0,40700.0,172365.0,152644.0,0,0,1,0,0,0,0,13636.0,11796.0,,7134.0,0.0,0.0,119712.0,2.0,8.0,0,0,0,I
AI0168,2019-04-05,,ARN,DEL,,,,,,,,,,,0,0,15,0,0,0,0,,,,,,,,,,0,0,1,I
AI0168,2019-04-05,VTANP,ARN,DEL,31633.0,41452.0,161025.0,151206.0,50300.0,227930.0,201506.0,42100.0,172365.0,159406.0,0,0,1,0,0,0,0,16882.0,14751.0,,8889.0,0.0,0.0,119573.0,2.0,8.0,0,0,0,I
AI0168,2019-04-10,,ARN,DEL,,,,,,,,,,,0,0,4,0,0,0,0,,,,,,,,,,0,0,0,I
AI0168,2019-04-10,VTANW,ARN,DEL,18680.0,41531.0,161025.0,138174.0,46500.0,211204.0,184674.0,38839.0,172365.0,145835.0,0,0,5,0,0,0,0,13746.0,4934.0,,1380.0,0.0,0.0,119494.0,2.0,8.0,0,0,0,I
AI0168,2019-04-12,,ARN,DEL,,,,,,,,,,,0,2,8,0,0,0,0,,,,,,,,,,0,0,1,I
AI0168,2019-04-12,VTANW,ARN,DEL,30985.0,41531.0,161025.0,150479.0,49700.0,214348.0,200179.0,42000.0,172365.0,158179.0,0,0,0,0,0,0,0,18162.0,12823.0,,7868.0,0.0,0.0,119494.0,2.0,8.0,0,0,0,I
AI0168,2019-04-19,,ARN,DEL,,,,,,,,,,,0,7,223,0,0,0,0,,,,,,,,,,0,0,0,I
AI0168,2019-04-19,VTANR,ARN,DEL,29694.0,41346.0,161025.0,149373.0,48900.0,214162.0,198273.0,41797.0,172365.0,156476.0,0,0,13,0,0,0,0,15313.0,14381.0,,9096.0,0.0,0.0,119679.0,2.0,8.0,0,0,0,I
AI0168,2019-04-21,,ARN,DEL,,,,,,,,,,,0,3,86,0,0,0,0,,,,,,,,,,0,0,0,I
AI0168,2019-04-21,VTANX,ARN,DEL,20934.0,41423.0,161025.0,140536.0,45900.0,211411.0,186436.0,39100.0,172365.0,147336.0,0,1,3,0,0,0,0,6705.0,14229.0,,11737.0,0.0,0.0,119602.0,2.0,8.0,0,0,0,I
AI0168,2019-04-24,,ARN,DEL,,,,,,,,,,,0,4,72,0,0,0,0,,,,,,,,,,0,2,0,I
AI0168,2019-04-24,VTANL,ARN,DEL,14133.0,40367.0,161025.0,134791.0,45100.0,210679.0,179891.0,38400.0,172365.0,141491.0,0,0,0,0,0,0,0,5778.0,8355.0,,6249.0,0.0,0.0,120658.0,2.0,8.0,0,0,0,I
AI0168,2019-04-26,,ARN,DEL,,,,,,,,,,,0,3,169,0,0,0,0,,,,,,,,,,0,0,3,I
AI0168,2019-04-26,VTANS,ARN,DEL,28971.0,41232.0,161025.0,148764.0,47900.0,213127.0,196664.0,40800.0,172365.0,155864.0,0,0,7,0,0,0,0,12338.0,16633.0,,12286.0,0.0,0.0,119793.0,2.0,8.0,0,0,0,I
AI0168,2019-04-28,,ARN,DEL,,,,,,,,,,,0,0,2,0,0,0,0,,,,,,,,,,0,0,0,I
AI0168,2019-04-28,VTAND,ARN,DEL,24945.0,38822.0,161025.0,147148.0,46500.0,211716.0,193648.0,39351.0,172365.0,154297.0,0,0,0,0,0,0,0,9972.0,14973.0,,11195.0,0.0,0.0,122203.0,2.0,8.0,0,0,0,I
AI0173,2019-04-24,,BLR,DEL,,,,,,,,,,,0,10,139,103,37,9,0,,,,,,,,,,0,1,1,D
AI0173,2019-04-24,VTPPE,BLR,DEL,14060.0,18021.0,71500.0,63469.0,13000.0,80430.0,76469.0,7713.0,75500.0,68756.0,0,0,1,0,1,0,0,11040.0,2523.0,2197.0,787.0,0.0,0.0,49409.0,2.0,5.0,0,0,1,D
AI0183,2019-04-02,,DEL,SFO,,,,,,,,,,,1,29,191,165,48,8,2,,,,,,,,,,0,2,8,D
AI0183,2019-04-02,VTALL,DEL,SFO,32466.0,35279.0,237682.0,208429.0,137600.0,348842.0,346029.0,122600.0,251290.0,223429.0,0,0,0,0,0,0,0,16741.0,15725.0,7859.0,7389.0,0.0,0.0,175963.0,4.0,15.0,0,0,0,D
AI0184,2019-04-03,,SFO,DEL,,,,,,,,,,,3,19,135,116,33,8,4,,,,,,,,,,0,2,0,I
AI0184,2019-04-03,VTALL,SFO,DEL,,,,,,,,,,,0,0,0,0,0,0,0,,11740.0,5153.0,5963.0,0.0,0.0,,,,0,0,0,I
AI0334,2019-04-09,,DEL,BKK,,,,,,,,,,,0,5,104,65,42,2,0,,,,,,,,,,0,0,0,D
AI0334,2019-04-09,VTEXV,DEL,BKK,9953.0,11667.0,64300.0,54710.0,13350.0,69774.0,68060.0,7696.0,67400.0,60364.0,0,0,0,0,0,0,0,8319.0,1634.0,1634.0,0.0,0.0,0.0,44757.0,2.0,4.0,0,0,0,D
AI0334,2019-04-19,,DEL,BKK,,,,,,,,,,,0,12,148,123,35,2,1,,,,,,,,,,0,0,0,D
AI0334,2019-04-19,VTEXT,DEL,BKK,14282.0,15956.0,64300.0,59122.0,12850.0,73646.0,71972.0,8197.0,67400.0,63775.0,0,0,0,0,0,0,0,11930.0,2352.0,2352.0,0.0,0.0,0.0,44840.0,2.0,5.0,0,0,0,D
AI0334,2019-04-21,,DEL,BKK,,,,,,,,,,,0,12,152,105,51,8,0,,,,,,,,,,0,0,2,D
AI0334,2019-04-21,VTCIN,DEL,BKK,14861.0,17674.0,64300.0,59506.0,12150.0,74469.0,71656.0,8125.0,67400.0,63531.0,0,0,0,0,0,0,0,11980.0,2881.0,2881.0,0.0,0.0,0.0,44645.0,2.0,4.0,0,0,0,D
AI0334,2019-04-26,,DEL,BKK,,,,,,,,,,,0,8,137,131,14,0,0,,,,,,,,,,0,0,2,D
AI0334,2019-04-26,VTEXH,DEL,BKK,13519.0,16944.0,64300.0,58370.0,12850.0,74645.0,71220.0,8269.0,67400.0,62951.0,0,0,0,0,0,0,0,11705.0,1814.0,1566.0,0.0,0.0,0.0,44851.0,2.0,4.0,0,0,0,D
AI0342,2019-04-27,,BOM,SIN,,,,,,,,,,,0,11,150,78,56,27,3,,,,,,,,,,0,1,0,D
AI0342,2019-04-27,VTCIM,BOM,SIN,16179.0,16620.0,64300.0,60920.0,17050.0,78411.0,77970.0,11845.0,67400.0,66125.0,0,0,1,1,0,0,0,11460.0,4719.0,2719.0,2113.0,0.0,0.0,44741.0,2.0,4.0,0,0,1,D
AI0349,2019-04-04,,PVG,DEL,,,,,,,,,,,0,10,111,108,13,0,0,,,,,,,,,,0,0,0,I
AI0349,2019-04-04,VTANG,PVG,DEL,33375.0,39464.0,161025.0,154936.0,42700.0,205265.0,197636.0,33900.0,172365.0,163736.0,0,0,0,0,0,0,0,12561.0,8088.0,2486.0,17775.0,0.0,0.0,121561.0,2.0,8.0,0,0,0,I
AI0349,2019-04-21,,PVG,DEL,,,,,,,,,,,0,14,176,174,16,0,0,,,,,,,,,,0,0,0,I
AI0349,2019-04-21,VTANE,PVG,DEL,37917.0,38810.0,161025.0,160132.0,42500.0,205871.0,202632.0,33506.0,172365.0,169126.0,0,0,0,0,0,0,0,19096.0,8949.0,3475.0,14729.0,0.0,0.0,122215.0,3.0,8.0,0,0,0,I
AI0428,2019-04-13,,VNS,DEL,,,,,,,,,,,0,0,65,45,17,3,2,,,,,,,,,,0,0,0,D
AI0428,2019-04-13,VTEXV,VNS,DEL,5656.0,17093.0,64300.0,50413.0,5650.0,67500.0,56063.0,2200.0,67400.0,53863.0,0,0,0,0,0,0,0,4850.0,806.0,806.0,0.0,0.0,0.0,44757.0,2.0,4.0,0,0,0,D
AI0464,2019-04-20,,IXC,DEL,,,,,,,,,,,0,12,149,103,50,8,2,,,,,,,,,,0,1,1,D
AI0464,2019-04-20,VTPPE,IXC,DEL,13807.0,18857.0,71500.0,63216.0,9300.0,77566.0,72516.0,2066.0,75500.0,70450.0,0,0,0,0,0,0,0,11775.0,2032.0,2007.0,25.0,0.0,0.0,49409.0,2.0,5.0,0,0,0,D
AI0474,2019-04-12,,BBI,DEL,,,,,,,,,,,0,0,73,53,16,4,0,,,,,,,,,,0,0,0,D
AI0474,2019-04-12,VTESL,BBI,DEL,6469.0,10195.0,60500.0,50424.0,9850.0,64000.0,60274.0,4901.0,64500.0,55373.0,0,0,1,1,0,0,0,5390.0,1079.0,1017.0,62.0,0.0,0.0,43955.0,2.0,4.0,0,0,0,D
AI0490,2019-04-22,,STV,DEL,,,,,,,,,,,0,2,111,72,36,5,0,,,,,,,,,,0,0,2,D
AI0490,2019-04-22,VTSCO,STV,DEL,9531.0,10826.0,57000.0,51405.0,8300.0,61000.0,59705.0,3676.0,61000.0,56029.0,0,0,0,0,0,0,0,8278.0,1253.0,1253.0,0.0,0.0,0.0,41874.0,2.0,4.0,0,0,0,D
AI0517,2019-04-11,,HYD,RDP,,,,,,,,,,,0,0,135,88,42,5,5,,,,,,,,,,0,0,0,D
AI0517,2019-04-11,VTSCC,HYD,RDP,11044.0,13046.0,57000.0,52531.0,9850.0,64383.0,62381.0,4225.0,61000.0,58156.0,0,0,0,0,0,0,0,9975.0,1069.0,1069.0,0.0,0.0,0.0,41487.0,2.0,4.0,0,0,0,D
AI0526,2019-04-01,,CCU,HYD,,,,,,,,,,,0,0,134,93,36,5,1,,,,,,,,,,0,0,0,D
AI0526,2019-04-01,VTSCC,CCU,HYD,11220.0,14975.0,57000.0,52707.0,9650.0,66112.0,62357.0,5112.0,61000.0,57245.0,0,0,0,0,0,0,0,10010.0,1210.0,1154.0,56.0,0.0,0.0,41487.0,2.0,4.0,0,0,0,D
AI0582,2019-04-27,,CCJ,BOM,,,,,,,,,,,0,4,127,97,26,8,1,,,,,,,,,,0,3,2,D
AI0582,2019-04-27,VTPPJ,CCJ,BOM,11531.0,15619.0,71500.0,60810.0,15700.0,89000.0,76510.0,5098.0,75500.0,71412.0,0,0,0,0,0,0,0,9801.0,1730.0,1553.0,177.0,0.0,0.0,49279.0,2.0,5.0,0,0,0,D
AI0611,2019-04-09,,BOM,JAI,,,,,,,,,,,0,3,129,90,40,2,4,,,,,,,,,,0,0,8,D
AI0611,2019-04-09,VTPPJ,BOM,JAI,11648.0,15602.0,71500.0,60927.0,9300.0,74181.0,70227.0,4283.0,75500.0,65944.0,0,0,0,0,0,0,0,10130.0,1518.0,1455.0,63.0,0.0,0.0,49279.0,2.0,5.0,0,0,0,D
AI0622,2019-04-03,,IXC,BOM,,,,,,,,,,,0,6,113,81,34,4,2,,,,,,,,,,0,1,0,D
AI0622,2019-04-03,VTEXH,IXC,BOM,10628.0,17970.0,64300.0,55574.0,8800.0,71716.0,64374.0,4316.0,67400.0,60058.0,0,0,0,0,0,0,0,9035.0,1593.0,1593.0,0.0,0.0,0.0,44946.0,3.0,4.0,0,0,0,D
AI0643,2019-04-09,,BOM,UDR,,,,,,,,,,,0,5,62,50,17,0,1,,,,,,,,,,0,0,0,D
AI0643,2019-04-09,VTCIN,BOM,UDR,6373.0,10146.0,64300.0,51018.0,4750.0,59541.0,55768.0,2113.0,67400.0,53655.0,0,0,0,0,0,0,0,5169.0,1204.0,1204.0,0.0,0.0,0.0,44645.0,2.0,4.0,0,0,0,D
AI0645,2019-04-17,,BOM,JDH,,,,,,,,,,,0,11,150,89,60,12,3,,,,,,,,,,0,0,0,D
AI0645,2019-04-17,VTCIN,BOM,JDH,14778.0,17664.0,64300.0,59423.0,5850.0,68159.0,65273.0,2814.0,67400.0,62459.0,0,0,0,0,0,0,0,11625.0,3153.0,2600.0,225.0,328.0,0.0,44645.0,2.0,4.0,0,0,0,D
AI0647,2019-04-22,,BOM,JGA,,,,,,,,,,,0,7,103,90,18,2,1,,,,,,,,,,0,1,1,D
AI0647,2019-04-22,VTSCL,BOM,JGA,9429.0,12651.0,57000.0,51377.0,7050.0,61649.0,58427.0,2507.0,61000.0,55920.0,0,0,0,0,0,0,0,8180.0,1249.0,1249.0,0.0,0.0,0.0,41948.0,2.0,5.0,0,0,0,D
AI0657,2019-04-17,,BOM,CJB,,,,,,,,,,,0,5,112,75,37,5,1,,,,,,,,,,0,0,3,D
AI0657,2019-04-17,VTSCM,BOM,CJB,11753.0,13144.0,57000.0,53526.0,10050.0,64967.0,63576.0,3967.0,61000.0,59609.0,0,0,0,0,0,0,0,8585.0,3168.0,1283.0,1527.0,358.0,0.0,41773.0,2.0,4.0,0,0,0,D
AI0660,2019-04-16,,BOM,DEL,,,,,,,,,,,0,11,147,117,37,4,1,,,,,,,,,,0,3,2,D
AI0660,2019-04-16,VTEXU,BOM,DEL,13872.0,17305.0,64300.0,58768.0,8450.0,70651.0,67218.0,3591.0,67400.0,63627.0,0,0,0,0,0,0,0,12028.0,1844.0,1113.0,731.0,0.0,0.0,44896.0,2.0,5.0,0,0,0,D
AI0661,2019-04-22,,BOM,GOI,,,,,,,,,,,0,4,89,64,26,3,0,,,,,,,,,,0,2,1,D
AI0661,2019-04-22,VTSCN,BOM,GOI,7790.0,10634.0,57000.0,49730.0,6950.0,59524.0,56680.0,2049.0,61000.0,54631.0,0,0,0,0,0,0,0,6855.0,935.0,925.0,0.0,0.0,0.0,41940.0,2.0,4.0,0,0,0,D
AI0663,2019-04-21,,BOM,GOI,,,,,,,,,,,0,1,94,64,28,3,0,,,,,,,,,,0,0,2,D
AI0663,2019-04-21,VTEXQ,BOM,GOI,8683.0,12234.0,64300.0,53289.0,5850.0,62690.0,59139.0,1760.0,67400.0,57379.0,0,0,0,0,0,0,0,7005.0,1678.0,1248.0,1.0,429.0,0.0,44606.0,2.0,4.0,0,0,0,D
AI0677,2019-04-09,,BOM,DEL,,,,,,,,,,,0,12,152,127,33,4,1,,,,,,,,,,0,6,4,D
AI0677,2019-04-09,VTCIF,BOM,DEL,16706.0,16846.0,64300.0,61710.0,7150.0,69000.0,68860.0,3507.0,67400.0,65353.0,0,0,0,0,0,0,0,12490.0,4216.0,2242.0,3.0,2013.0,0.0,45004.0,4.0,4.0,0,0,0,D
AI0677,2019-04-22,,BOM,DEL,,,,,,,,,,,0,12,147,111,41,7,1,,,,,,,,,,0,4,4,D
AI0677,2019-04-22,VTEXN,BOM,DEL,13460.0,16214.0,64300.0,58217.0,7650.0,68621.0,65867.0,3776.0,67400.0,62091.0,0,0,0,0,0,0,0,11655.0,1805.0,1749.0,0.0,56.0,0.0,44757.0,2.0,5.0,0,0,0,D
AI0681,2019-04-09,,BOM,COK,,,,,,,,,,,0,12,150,115,40,7,5,,,,,,,,,,0,1,13,D
AI0681,2019-04-09,VTCIP,BOM,COK,15008.0,17079.0,64300.0,59636.0,7350.0,69057.0,66986.0,3405.0,67400.0,63581.0,0,0,0,0,0,0,0,12265.0,2743.0,2374.0,318.0,73.0,0.0,44628.0,2.0,4.0,0,0,0,D
AI0745,2019-04-06,,CCU,IXA,,,,,,,,,,,0,0,92,62,27,3,1,,,,,,,,,,0,0,1,D
AI0745,2019-04-06,VTSCG,CCU,IXA,9898.0,12026.0,57000.0,51742.0,8850.0,62720.0,60592.0,1720.0,61000.0,58872.0,0,0,0,0,0,0,0,6790.0,3108.0,1004.0,2104.0,0.0,0.0,41844.0,2.0,4.0,0,0,0,D
AI0745,2019-04-21,,CCU,IXA,,,,,,,,,,,0,0,92,70,22,0,0,,,,,,,,,,0,0,0,D
AI0745,2019-04-21,VTSCB,CCU,IXA,8673.0,12171.0,57000.0,50070.0,9150.0,62718.0,59220.0,1718.0,61000.0,57502.0,0,0,0,0,0,0,0,7084.0,1589.0,915.0,674.0,0.0,0.0,41397.0,2.0,4.0,0,0,0,D
AI0754,2019-04-02,,IXS,CCU,,,,,,,,,,,0,0,124,88,32,4,2,,,,,,,,,,0,0,2,D
AI0754,2019-04-02,VTSCA,IXS,CCU,10717.0,14475.0,57000.0,52199.0,7850.0,63807.0,60049.0,2807.0,61000.0,57242.0,0,0,0,0,0,0,0,9160.0,1557.0,1393.0,131.0,33.0,0.0,41482.0,2.0,4.0,0,0,0,D
AI0754,2019-04-03,,IXS,CCU,,,,,,,,,,,0,1,141,94,44,4,2,,,,,,,,,,0,1,1,D
AI0754,2019-04-03,VTEXF,IXS,CCU,12418.0,18760.0,64300.0,57208.0,6350.0,69900.0,63558.0,2500.0,67400.0,61058.0,0,0,0,0,0,0,0,10510.0,1908.0,1697.0,186.0,25.0,0.0,44790.0,2.0,4.0,0,0,0,D
AI0754,2019-04-09,,IXS,CCU,,,,,,,,,,,0,0,122,86,33,3,3,,,,,,,,,,0,0,1,D
AI0754,2019-04-09,VTSCB,IXS,CCU,10619.0,15197.0,57000.0,52016.0,7050.0,63644.0,59066.0,2644.0,61000.0,56422.0,0,0,0,0,0,0,0,9060.0,1559.0,1357.0,185.0,17.0,0.0,41397.0,2.0,4.0,0,0,0,D
AI0754,2019-04-11,,IXS,CCU,,,,,,,,,,,0,1,99,73,25,2,1,,,,,,,,,,0,1,0,D
AI0754,2019-04-11,VTSCK,IXS,CCU,8531.0,13947.0,57000.0,50434.0,7850.0,63700.0,58284.0,2700.0,61000.0,55584.0,0,0,0,0,0,0,0,7430.0,1101.0,947.0,120.0,34.0,0.0,41903.0,2.0,4.0,0,0,0,D
AI0771,2019-04-21,,CCU,BLR,,,,,,,,,,,0,3,113,59,51,6,4,,,,,,,,,,0,1,8,D
AI0771,2019-04-21,VTSCK,CCU,BLR,10527.0,14816.0,57000.0,52430.0,10350.0,67069.0,62780.0,6069.0,61000.0,56711.0,0,0,0,0,0,0,0,8750.0,1777.0,1616.0,161.0,0.0,0.0,41903.0,2.0,4.0,0,0,0,D
AI0775,2019-04-12,,CCU,BLR,,,,,,,,,,,0,3,108,69,36,6,2,,,,,,,,,,0,0,3,D
AI0775,2019-04-12,VTEXG,CCU,BLR,13434.0,19118.0,64300.0,58234.0,8950.0,72868.0,67184.0,5468.0,67400.0,61716.0,0,0,0,0,0,0,0,11035.0,2399.0,1859.0,526.0,14.0,0.0,44800.0,2.0,4.0,0,0,0,D
AI0809,2019-04-12,,BOM,DEL,,,,,,,,,,,0,12,151,106,52,5,2,,,,,,,,,,0,2,1,D
AI0809,2019-04-12,VTEXN,BOM,DEL,15400.0,17100.0,64300.0,60062.0,7850.0,69612.0,67912.0,3589.0,67400.0,64323.0,0,0,0,0,0,0,0,12386.0,3014.0,1811.0,1250.0,0.0,0.0,44662.0,2.0,4.0,0,0,0,D
AI0815,2019-04-14,,ATQ,NDC,,,,,,,,,,,0,0,91,68,20,3,0,,,,,,,,,,0,0,0,D
AI0815,2019-04-14,VTCIP,ATQ,NDC,7559.0,18341.0,64300.0,52187.0,8850.0,71819.0,61037.0,4419.0,67400.0,56618.0,0,0,0,0,0,0,0,6896.0,663.0,663.0,0.0,0.0,0.0,44628.0,2.0,4.0,0,0,0,D
AI0816,2019-04-20,,NDC,ATQ,,,,,,,,,,,0,0,109,48,56,5,1,,,,,,,,,,0,0,0,D
AI0816,2019-04-20,VTEXP,NDC,ATQ,9285.0,17496.0,64300.0,53939.0,8850.0,71000.0,62789.0,4404.0,67400.0,58385.0,0,0,0,0,0,0,0,7985.0,1300.0,1254.0,46.0,0.0,0.0,44654.0,2.0,4.0,0,0,0,D
AI0818,2019-04-17,,NDC,IXC,,,,,,,,,,,0,3,111,75,32,7,2,,,,,,,,,,0,0,2,D
AI0818,2019-04-17,VTCIP,NDC,IXC,9418.0,17222.0,64300.0,54046.0,8150.0,70000.0,62196.0,3816.0,67400.0,58380.0,0,0,0,0,0,0,0,8539.0,879.0,879.0,0.0,0.0,0.0,44628.0,2.0,4.0,0,0,0,D
AI0821,2019-04-20,,IXJ,SXR,,,,,,,,,,,0,7,84,76,14,1,2,,,,,,,,,,0,0,0,D
AI0821,2019-04-20,VTSCJ,IXJ,SXR,11401.0,13551.0,57000.0,53300.0,6550.0,62000.0,59850.0,1148.0,61000.0,58702.0,0,0,0,0,0,0,0,9110.0,2291.0,2179.0,98.0,14.0,0.0,41899.0,2.0,4.0,0,0,0,D
AI0822,2019-04-20,,IXJ,DEL,,,,,,,,,,,0,3,74,49,19,9,4,,,,,,,,,,0,1,0,D
AI0822,2019-04-20,VTSCJ,IXJ,DEL,8160.0,13251.0,57000.0,50059.0,6850.0,62000.0,56909.0,2500.0,61000.0,54409.0,0,0,0,0,0,0,0,6880.0,1280.0,1262.0,18.0,0.0,0.0,41899.0,2.0,4.0,0,0,0,D
AI0839,2019-04-15,,DEL,HYD,,,,,,,,,,,0,12,146,123,33,2,1,,,,,,,,,,0,2,4,D
AI0839,2019-04-15,VTPPJ,DEL,HYD,15005.0,16964.0,71500.0,64284.0,12600.0,78843.0,76884.0,6206.0,75500.0,70678.0,0,0,1,1,0,0,0,12179.0,2826.0,2334.0,282.0,264.0,0.0,49279.0,2.0,5.0,0,0,0,D
AI0839,2019-04-24,,DEL,HYD,,,,,,,,,,,0,12,168,147,30,3,3,,,,,,,,,,0,1,1,D
AI0839,2019-04-24,VTPPQ,DEL,HYD,17525.0,18586.0,71500.0,66812.0,11800.0,79673.0,78612.0,5863.0,75500.0,72749.0,0,0,0,0,0,0,0,13410.0,4115.0,2269.0,1615.0,231.0,0.0,49287.0,3.0,5.0,0,0,0,D
AI0843,2019-04-14,,GOI,DEL,,,,,,,,,,,0,5,155,106,52,2,1,,,,,,,,,,0,2,2,D
AI0843,2019-04-14,VTPPE,GOI,DEL,14094.0,20963.0,71500.0,63503.0,12000.0,82372.0,75503.0,6872.0,75500.0,68631.0,0,0,0,0,0,0,0,12256.0,1838.0,1805.0,0.0,33.0,0.0,49409.0,2.0,5.0,0,0,0,D
AI0883,2019-04-24,,DEL,GOI,,,,,,,,,,,0,2,105,81,26,0,3,,,,,,,,,,0,0,0,D
AI0883,2019-04-24,VTEXF,DEL,GOI,9021.0,9688.0,64300.0,53811.0,8950.0,63428.0,62761.0,4639.0,67400.0,58122.0,0,0,0,0,0,0,0,8055.0,966.0,961.0,3.0,2.0,0.0,44790.0,2.0,4.0,0,0,0,D
AI0888,2019-04-16,,BOM,DEL,,,,,,,,,,,0,8,110,95,23,0,0,,,,,,,,,,0,2,3,D
AI0888,2019-04-16,VTSCJ,BOM,DEL,10204.0,12685.0,57000.0,52103.0,9850.0,64434.0,61953.0,4153.0,61000.0,57800.0,0,0,0,0,0,0,0,9086.0,1118.0,790.0,328.0,0.0,0.0,41899.0,2.0,4.0,0,0,0,D
AI0906,2019-04-15,,DXB,MAA,,,,,,,,,,,0,0,167,147,16,4,0,,,,,,,,,,0,0,1,I
AI0906,2019-04-15,VTPPT,DXB,MAA,17062.0,19158.0,71500.0,66234.0,18400.0,86730.0,84634.0,11315.0,75500.0,73319.0,0,0,0,0,0,0,0,12711.0,4351.0,4051.0,0.0,0.0,0.0,49172.0,2.0,5.0,0,0,0,I
AI0906,2019-04-17,,SHJ,MAA,,,,,,,,,,,0,2,170,150,19,3,0,,,,,,,,,,0,0,2,I
AI0906,2019-04-17,VTPPB,SHJ,MAA,17426.0,18298.0,71500.0,66728.0,18200.0,85800.0,84928.0,11600.0,75500.0,73328.0,0,0,0,0,0,0,0,13133.0,4293.0,4293.0,0.0,0.0,0.0,49302.0,2.0,5.0,0,0,0,I
AI0908,2019-04-15,,MCT,MAA,,,,,,,,,,,0,0,149,130,18,1,1,,,,,,,,,,0,0,0,I
AI0908,2019-04-15,VTEXV,MCT,MAA,14270.0,15253.0,64300.0,59217.0,13800.0,74000.0,73017.0,6804.0,67400.0,66213.0,0,0,0,0,0,0,0,11446.0,2824.0,2824.0,0.0,0.0,0.0,44947.0,2.0,6.0,0,0,0,I
AI0908,2019-04-16,,MCT,MAA,,,,,,,,,,,0,0,149,123,21,5,1,,,,,,,,,,0,0,0,I
AI0908,2019-04-16,VTEXK,MCT,MAA,14727.0,15697.0,64300.0,59648.0,13800.0,79000.0,73448.0,7018.0,67400.0,66430.0,0,0,0,0,0,0,0,11298.0,3429.0,3229.0,0.0,0.0,0.0,44921.0,2.0,6.0,0,0,0,I
AI0908,2019-04-17,,MCT,MAA,,,,,,,,,,,0,2,149,131,20,0,0,,,,,,,,,,0,0,0,I
AI0908,2019-04-17,VTEXP,MCT,MAA,14731.0,15151.0,64300.0,59480.0,10800.0,70700.0,70280.0,7020.0,67400.0,63260.0,0,0,0,0,0,0,0,11627.0,3104.0,3104.0,0.0,0.0,0.0,44749.0,2.0,5.0,0,0,0,I
AI0908,2019-04-24,,MCT,MAA,,,,,,,,,,,0,1,124,101,19,5,2,,,,,,,,,,0,0,0,I
AI0908,2019-04-24,VTCID,MCT,MAA,12239.0,12805.0,64300.0,57134.0,17800.0,75500.0,74934.0,8200.0,67400.0,66734.0,0,0,0,0,0,0,0,9460.0,2779.0,2779.0,0.0,0.0,0.0,44895.0,2.0,5.0,0,0,0,I
AI0921,2019-04-08,,BOM,RUH,,,,,,,,,,,0,9,146,132,15,8,3,,,,,,,,,,0,0,0,D
AI0921,2019-04-08,VTEXM,BOM,RUH,17313.0,18017.0,64300.0,62246.0,13750.0,76700.0,75996.0,9363.0,67400.0,66633.0,0,0,0,0,0,0,0,11669.0,5644.0,3074.0,2500.0,0.0,70.0,44933.0,2.0,6.0,0,0,0,D
AI0940,2019-04-15,,BAH,DEL,,,,,,,,,,,0,1,100,97,4,0,0,,,,,,,,,,0,0,1,I
AI0940,2019-04-15,VTEXC,BAH,DEL,10190.0,10513.0,62500.0,52677.0,17000.0,70000.0,69677.0,10026.0,66000.0,59651.0,0,0,0,0,0,0,0,7575.0,2615.0,2615.0,0.0,0.0,0.0,42487.0,2.0,6.0,0,0,0,I
AI0940,2019-04-16,,BAH,DEL,,,,,,,,,,,0,0,158,143,14,1,1,,,,,,,,,,0,0,0,I
AI0940,2019-04-16,VTEXB,BAH,DEL,15960.0,16891.0,62500.0,58372.0,17400.0,77000.0,75772.0,10703.0,66000.0,65069.0,0,0,3,2,1,0,0,12045.0,3915.0,3915.0,0.0,0.0,0.0,42412.0,2.0,5.0,0,0,0,I
AI0945,2019-04-04,,BOM,AUH,,,,,,,,,,,0,10,151,122,24,15,0,,,,,,,,,,0,0,1,D
AI0945,2019-04-04,VTEXL,BOM,AUH,16273.0,18405.0,64300.0,61248.0,10350.0,73730.0,71598.0,6718.0,67400.0,64880.0,0,0,0,0,0,0,0,11842.0,4431.0,2811.0,1587.0,33.0,0.0,44975.0,2.0,6.0,0,0,0,D
AI0945,2019-04-11,,BOM,AUH,,,,,,,,,,,0,11,151,107,34,21,4,,,,,,,,,,0,0,1,D
AI0945,2019-04-11,VTEXM,BOM,AUH,17706.0,17810.0,64300.0,62639.0,10650.0,73393.0,73289.0,6541.0,67400.0,66748.0,0,0,0,0,0,0,0,11350.0,6356.0,2779.0,3577.0,0.0,0.0,44933.0,2.0,6.0,0,0,0,D
AI0945,2019-04-16,,BOM,AUH,,,,,,,,,,,0,11,150,138,18,5,2,,,,,,,,,,0,0,0,D
AI0945,2019-04-16,VTEXS,BOM,AUH,17033.0,19006.0,64300.0,61894.0,10350.0,74217.0,72244.0,6845.0,67400.0,65399.0,0,0,0,0,0,0,0,11895.0,5138.0,2389.0,2745.0,4.0,0.0,44861.0,2.0,6.0,0,0,0,D
AI0964,2019-04-16,,JED,COK,,,,,,,,,,,0,0,370,245,100,25,6,,,,,,,,,,0,0,0,I
AI0964,2019-04-16,VTESO,JED,COK,43668.0,64378.0,251743.0,231033.0,62220.0,334453.0,293253.0,48690.0,285763.0,244563.0,0,0,2,1,0,1,0,27742.0,15926.0,14559.0,1052.0,0.0,0.0,187365.0,2.0,12.0,0,0,0,I
AI0964,2019-04-17,,JED,COK,,,,,,,,,,,0,3,347,253,66,31,6,,,,,,,,,,0,0,0,I
AI0964,2019-04-17,VTESO,JED,COK,41362.0,64378.0,251743.0,228727.0,69000.0,333503.0,297727.0,47740.0,285763.0,249987.0,0,0,2,1,1,0,0,26017.0,15345.0,13096.0,1390.0,0.0,0.0,187365.0,2.0,12.0,0,0,0,I
AI0964,2019-04-24,,JED,COK,,,,,,,,,,,0,1,362,236,105,22,6,,,,,,,,,,0,0,0,I
AI0964,2019-04-24,VTEVA,JED,COK,43126.0,64758.0,251743.0,230111.0,67000.0,336173.0,297111.0,50410.0,285763.0,246701.0,0,0,3,1,1,1,0,27391.0,15735.0,13360.0,468.0,0.0,0.0,186985.0,2.0,13.0,0,0,0,I
AI0966,2019-04-15,,JED,HYD,,,,,,,,,,,0,5,147,79,61,12,7,,,,,,,,,,0,0,0,I
AI0966,2019-04-15,VTESO,JED,HYD,43076.0,64378.0,251743.0,230441.0,66000.0,332393.0,296441.0,46630.0,285763.0,249811.0,0,0,4,1,3,0,0,26943.0,8687.0,13717.0,0.0,0.0,0.0,187365.0,2.0,12.0,0,0,0,I
AI0974,2019-04-16,,MCT,DEL,,,,,,,,,,,0,8,169,171,5,1,1,,,,,,,,,,0,0,0,I
AI0974,2019-04-16,VTPPJ,MCT,DEL,18146.0,20563.0,71500.0,67425.0,16000.0,85842.0,83425.0,10342.0,75500.0,73083.0,0,0,0,0,0,0,0,13245.0,4901.0,4458.0,93.0,0.0,0.0,49279.0,2.0,5.0,0,0,0,I
AI0978,2019-04-17,,MCT,HYD,,,,,,,,,,,0,0,114,90,23,1,0,,,,,,,,,,0,0,0,I
AI0978,2019-04-17,VTCIF,MCT,HYD,14891.0,17248.0,64300.0,59895.0,12300.0,79000.0,72195.0,7152.0,67400.0,65043.0,0,0,0,0,0,0,0,11020.0,3388.0,3598.0,0.0,0.0,0.0,45004.0,2.0,6.0,0,0,0,I
AI0984,2019-04-16,,DXB,BOM,,,,,,,,,,,0,10,162,136,32,4,2,,,,,,,,,,0,0,0,I
AI0984,2019-04-16,VTPPA,DXB,BOM,17305.0,18762.0,71500.0,66753.0,15790.0,84000.0,82543.0,8565.0,75500.0,73978.0,0,0,0,0,0,0,0,12760.0,4545.0,4251.0,94.0,0.0,0.0,49448.0,2.0,5.0,0,0,0,I
AI0984,2019-04-17,,DXB,BOM,,,,,,,,,,,0,12,163,137,32,6,2,,,,,,,,,,0,0,3,I
AI0984,2019-04-17,VTPPG,DXB,BOM,17230.0,18847.0,71500.0,66593.0,15790.0,84000.0,82383.0,8618.0,75500.0,73765.0,0,0,0,0,0,0,0,12905.0,4325.0,3921.0,304.0,0.0,0.0,49363.0,2.0,5.0,0,0,0,I
AI0984,2019-04-25,,DXB,BOM,,,,,,,,,,,0,6,162,134,31,3,0,,,,,,,,,,0,0,2,I
AI0984,2019-04-25,VTPPJ,DXB,BOM,16822.0,18858.0,71500.0,66196.0,16000.0,84232.0,82196.0,8846.0,75500.0,73350.0,0,0,0,0,0,0,0,12480.0,4342.0,3852.0,270.0,0.0,0.0,49374.0,2.0,6.0,0,0,0,I
AI0985,2019-04-08,,BOM,MCT,,,,,,,,,,,0,4,103,89,12,6,1,,,,,,,,,,0,0,0,D
AI0985,2019-04-08,VTCIO,BOM,MCT,17186.0,18817.0,64300.0,62091.0,9250.0,72972.0,71341.0,5612.0,67400.0,65729.0,0,0,0,0,0,0,0,10916.0,6270.0,2286.0,3982.0,2.0,0.0,44905.0,2.0,6.0,0,0,0,D
AI0985,2019-04-17,,BOM,MCT,,,,,,,,,,,0,3,142,115,23,7,2,,,,,,,,,,0,0,0,D
AI0985,2019-04-17,VTPPD,BOM,MCT,15779.0,17978.0,71500.0,65158.0,13300.0,80657.0,78458.0,8163.0,75500.0,70295.0,0,0,0,0,0,0,0,12190.0,3589.0,2694.0,852.0,43.0,0.0,49379.0,2.0,5.0,0,0,0,D
AI0992,2019-04-19,,JED,DEL,,,,,,,,,,,0,4,284,253,34,1,4,,,,,,,,,,0,0,0,I
AI0992,2019-04-19,VTESO,JED,DEL,48265.0,64378.0,251743.0,235630.0,76000.0,340503.0,311630.0,54740.0,285763.0,256890.0,0,0,0,0,0,0,0,26802.0,18301.0,13040.0,5003.0,0.0,0.0,187365.0,2.0,12.0,0,0,0,I
AI0994,2019-04-16,,DXB,GOI,,,,,,,,,,,0,11,115,86,35,5,1,,,,,,,,,,0,0,0,I
AI0994,2019-04-16,VTCIF,DXB,GOI,16591.0,17286.0,64300.0,61405.0,11300.0,73400.0,72705.0,6000.0,67400.0,66705.0,0,0,0,0,0,0,0,12376.0,3230.0,3957.0,0.0,0.0,0.0,44814.0,2.0,4.0,0,0,0,I
AI9611,2019-04-20,,IXJ,BUP,,,,,,,,,,,0,0,41,31,9,1,0,,,,,,,,,,0,0,0,D
AI9611,2019-04-20,VTAIZ,IXJ,BUP,3395.0,6368.0,21000.0,17327.0,2700.0,23000.0,20027.0,739.0,22350.0,19288.0,0,0,0,0,0,0,0,3120.0,275.0,275.0,0.0,0.0,0.0,13932.0,2.0,3.0,0,0,0,D
AI9614,2019-04-20,,IXJ,DEL,,,,,,,,,,,0,0,65,44,19,2,1,,,,,,,,,,0,0,9,D
AI9614,2019-04-20,VTAIZ,IXJ,DEL,5484.0,6068.0,21000.0,19416.0,3000.0,23000.0,22416.0,1160.0,22350.0,21256.0,0,0,0,0,0,0,0,4941.0,543.0,543.0,0.0,0.0,0.0,13932.0,2.0,3.0,0,0,0,D
AI9720,2019-04-02,,IXR,CCU,,,,,,,,,,,0,0,52,49,3,0,0,,,,,,,,,,0,0,0,D
AI9720,2019-04-02,VTRKG,IXR,CCU,4203.0,6591.0,21000.0,18012.0,2600.0,23000.0,20612.0,823.0,22350.0,19789.0,0,0,0,0,0,0,0,4004.0,199.0,199.0,0.0,0.0,0.0,13809.0,2.0,2.0,0,0,0,D
AI9732,2019-04-11,,GAU,CCU,,,,,,,,,,,0,0,42,33,9,0,0,,,,,,,,,,0,0,0,D
AI9732,2019-04-11,VTRKG,GAU,CCU,4411.0,6106.0,21000.0,18305.0,3000.0,23000.0,21305.0,1184.0,22350.0,20121.0,0,0,0,0,0,0,0,4050.0,361.0,361.0,0.0,0.0,0.0,13894.0,2.0,3.0,0,0,0,D
IX0322,2019-04-15,,RUH,CCJ,,,,,,,,,,,0,0,1,0,1,0,0,,,,,,,,,,0,0,0,I
IX0322,2019-04-15,VTAXH,RUH,CCJ,12955.0,18267.0,62731.0,56988.0,14700.0,77000.0,71688.0,10640.0,66360.0,61048.0,0,0,114,90,19,5,2,8690.0,4265.0,2916.0,1249.0,0.0,0.0,44033.0,2.0,4.0,0,0,0,I
IX0322,2019-04-17,,RUH,CCJ,,,,,,,,,,,0,0,1,1,0,0,0,,,,,,,,,,0,0,0,I
IX0322,2019-04-17,VTAXH,RUH,CCJ,14390.0,18698.0,62731.0,58423.0,14200.0,77260.0,72623.0,10900.0,66360.0,61723.0,0,0,131,105,18,8,3,9898.0,4492.0,3598.0,794.0,0.0,0.0,44033.0,2.0,4.0,0,0,0,I
IX0343,2019-04-01,,CCJ,DXB,,,,,,,,,,,0,0,181,89,45,47,4,,,,,,,,,,0,0,0,D
IX0343,2019-04-01,VTGHK,CCJ,DXB,18300.0,19259.0,62731.0,61772.0,13000.0,76400.0,74772.0,10040.0,66360.0,64732.0,0,0,0,0,0,0,0,12871.0,5429.0,2832.0,2380.0,0.0,0.0,43472.0,2.0,4.0,0,0,0,D
IX0540,2019-04-13,,DXB,TRV,,,,,,,,,,,0,0,1,0,1,0,0,,,,,,,,,,0,0,0,I
IX0540,2019-04-13,VTAXZ,DXB,TRV,15772.0,17444.0,62731.0,59048.0,15700.0,76420.0,74748.0,10060.0,66360.0,64688.0,0,0,158,139,15,4,0,12095.0,3677.0,3527.0,0.0,0.0,0.0,43276.0,2.0,4.0,0,0,0,I
IX0540,2019-04-17,,DXB,TRV,,,,,,,,,,,0,0,1,1,0,0,0,,,,,,,,,,0,0,0,I
IX0540,2019-04-17,VTAYC,DXB,TRV,17946.0,19029.0,62731.0,61217.0,13740.0,76040.0,74957.0,9680.0,66360.0,65277.0,0,0,181,152,17,12,1,13580.0,4366.0,4216.0,0.0,0.0,0.0,43271.0,2.0,4.0,0,0,0,I
IX0814,2019-04-15,,DXB,IXE,,,,,,,,,,,0,0,1,1,0,0,0,,,,,,,,,,0,0,0,I
IX0814,2019-04-15,VTAXR,DXB,IXE,18056.0,18169.0,62731.0,61447.0,12600.0,74160.0,74047.0,7800.0,66360.0,66247.0,0,0,181,144,26,11,6,13667.0,4389.0,4239.0,0.0,0.0,0.0,43391.0,3.0,4.0,0,0,0,I
IX0816,2019-04-16,,AUH,IXE,,,,,,,,,,,0,0,160,133,16,11,0,,,,,,,,,,0,0,0,I
IX0816,2019-04-16,VTAXR,AUH,IXE,15889.0,18514.0,62731.0,59175.0,12500.0,74300.0,71675.0,7940.0,66360.0,63735.0,0,0,0,0,0,0,0,11990.0,3899.0,3899.0,0.0,0.0,0.0,43286.0,2.0,4.0,0,0,0,I
IX0886,2019-04-15,,DMM,IXE,,,,,,,,,,,0,0,1,1,0,0,0,,,,,,,,,,0,0,0,I
IX0886,2019-04-15,VTAXJ,DMM,IXE,16406.0,18380.0,62731.0,59896.0,13940.0,75810.0,73836.0,9450.0,66360.0,64386.0,0,0,152,113,27,12,5,11387.0,5019.0,4769.0,250.0,0.0,0.0,43490.0,2.0,4.0,0,0,0,I
IX1922,2019-04-15,,DXB,ATQ,,,,,,,,,,,0,0,1,1,0,0,0,,,,,,,,,,0,0,0,I
IX1922,2019-04-15,VTGHE,DXB,ATQ,12564.0,17793.0,62731.0,55801.0,15000.0,76030.0,70801.0,9670.0,66360.0,61131.0,0,0,131,114,13,4,1,10026.0,2538.0,2388.0,0.0,0.0,0.0,43237.0,2.0,4.0,0,0,0,I
